,Country,Population,YearlyChange,NetChange,Density,LandArea,Migrants,Fert.Rate,Med.Age,UrbanPop,WorldShare,Latitude,Longitude
0,China,1438207241,0.0039,5540090,153,9388211,-348399.0,1.7,38,0.61,0.1847,36.567348398000036,103.93002703300004
1,India,1377233523,0.0099,13586631,464,2973190,-532687.0,2.2,28,0.35,0.177,23.379379735000043,79.44332654800007
2,United States,330610570,0.0059,1937734,36,9147420,954806.0,1.8,38,0.83,0.0425,39.39870315600007,-99.41461918999994
3,Indonesia,272931713,0.0107,2898047,151,1811570,-98955.0,2.3,30,0.56,0.0351,-0.989818181999965,113.91586500000005
4,Pakistan,219992900,0.02,4327022,287,770880,-233379.0,3.6,23,0.35,0.0283,30.314282999000056,70.21010363900007
5,Brazil,212253150,0.0072,1509890,25,8358140,21200.0,1.7,33,0.88,0.0273,-10.769946428999958,-53.073466888999974
6,Nigeria,205052107,0.0258,5175990,226,910770,-60000.0,5.4,18,0.52,0.0264,9.593696882000074,8.106777828000077
7,Bangladesh,164354176,0.0101,1643222,1265,130170,-369501.0,2.1,28,0.39,0.0211,23.804670475000023,90.28845390100008
8,Russia,145922010,0.0004,62206,9,16376870,182456.0,1.8,40,0.74,0.0187,61.989526183000066,96.80537153400007
9,Mexico,128655589,0.0106,1357224,66,1943950,-60000.0,2.1,29,0.84,0.0165,23.952824990000067,-102.54835341899997
10,Japan,126552765,-0.003,-383840,347,364555,71560.0,1.4,48,0.92,0.0162,36.655226998000046,139.27149500000007
11,Ethiopia,114357494,0.0257,2884858,115,1000000,30000.0,4.3,19,0.21,0.0147,8.619088938000061,39.644750130000034
12,Philippines,109280343,0.0135,1464463,368,298170,-67152.0,2.6,26,0.47,0.0141,14.164862797000069,120.8616300000001
13,Egypt,101930276,0.0194,1946331,103,995450,-38033.0,3.3,25,0.43,0.0131,26.512273493000066,29.870494860000065
14,Vietnam,97160127,0.0091,876473,314,310070,-80000.0,2.1,32,0.38,0.0125,16.166670000000067,107.83333000000005
15,DR Congo,88972681,0.0319,2770836,40,2267050,23861.0,6,17,0.46,0.0115,-1.6976699999999596,29.244880000000023
16,Turkey,84153250,0.0109,909452,110,769630,283922.0,2.1,32,0.76,0.0108,39.066250645000025,35.142286272000035
17,Iran,83771587,0.013,1079043,52,1628550,-55000.0,2.2,32,0.76,0.0108,32.55801995200005,54.305910263000044
18,Germany,83730223,0.0032,266897,240,348560,543822.0,1.6,46,0.76,0.0107,51.11063104900006,10.39227793200007
19,Thailand,69764925,0.0025,174396,137,510890,19444.0,1.5,40,0.51,0.009,15.11680278700004,101.01223920600006
20,United Kingdom,67814098,0.0053,355839,281,241930,260650.0,1.8,40,0.83,0.0087,53.40838660500003,-1.9695595439999352
21,France,65244628,0.0022,143783,119,547557,36527.0,1.9,42,0.82,0.0084,46.55941704400004,2.5505399530000545
22,Italy,60479424,-0.0015,-88249,206,294140,148943.0,1.3,47,0.69,0.0078,42.833330000000046,12.833330000000046
23,Tanzania,59368313,0.0298,1728755,67,885800,-40076.0,4.9,18,0.37,0.0077,-6.438400132999959,34.995322712000075
24,South Africa,59154802,0.0128,750420,49,1213090,145405.0,2.4,28,0.67,0.0076,-28.997182287999976,25.085049940000033
25,Myanmar,54335948,0.0067,364380,83,653290,-163313.0,2.2,29,0.31,0.007,21.12084681400006,96.51177876700007
26,Kenya,53521116,0.0228,1197323,94,569140,-10000.0,3.5,20,0.28,0.0069,0.5284306580000475,37.88969855200003
27,South Korea,51260395,0.0009,43877,527,97230,11731.0,1.1,44,0.82,0.0066,36.35627096300004,127.80639593300009
28,Colombia,50771878,0.0108,543448,46,1109500,204796.0,1.8,31,0.8,0.0065,3.901115804000028,-73.07575492399997
29,Spain,46751175,0.0004,18002,94,498800,40000.0,1.3,45,0.8,0.006,40.227949660000036,-3.6460631049999392
30,Uganda,45427637,0.0332,1471413,229,199810,168694.0,5,17,0.26,0.0059,1.513805689000037,32.335706651000066
31,Argentina,45111229,0.0093,415097,17,2736690,4800.0,2.3,32,0.93,0.0058,-35.49575818399995,-65.07154210799996
32,Algeria,43685618,0.0185,797990,18,2381740,-10000.0,3.1,29,0.73,0.0056,28.144113769000057,2.6799659330000623
33,Sudan,43632213,0.0242,1036022,25,1765048,-50000.0,4.4,20,0.35,0.0056,16.053254132000063,30.009189122000066
34,Ukraine,43785122,-0.0059,-259876,75,579320,10000.0,1.4,41,0.69,0.0056,49.02689837500003,31.374926053000024
35,Iraq,40031626,0.0232,912710,93,434320,7834.0,3.7,21,0.73,0.0052,33.03897467000007,43.77717241800008
36,Afghanistan,38742911,0.0233,886592,60,652860,-62920.0,4.6,18,0.25,0.005,33.831137065000064,66.02471179700007
37,Poland,37854825,-0.0011,-41157,124,306230,-29395.0,1.4,42,0.6,0.0049,52.12379015400006,19.39876898600005
38,Canada,37674770,0.0089,331107,4,9093510,242032.0,1.5,41,0.81,0.0048,60.108670000000075,-113.64257999999995
39,Morocco,36820713,0.012,438791,83,446300,-51419.0,2.4,30,0.64,0.0047,32.00000000000006,-4.999999999999943
40,Saudi Arabia,34701377,0.0159,545343,16,2149690,134979.0,2.3,32,0.84,0.0045,24.12136952900005,44.548827060000065
41,Uzbekistan,33368859,0.0148,487487,79,425400,-8863.0,2.4,28,0.5,0.0043,41.58134563700003,63.42188301400006
42,Peru,32876986,0.0142,461401,26,1280000,99069.0,2.3,31,0.79,0.0042,-9.999999999999943,-75.99999999999994
43,Angola,32644783,0.0327,1040977,26,1246700,6413.0,5.6,17,0.67,0.0042,-12.293655625999975,17.545335193000028
44,Malaysia,32280610,0.013,416222,99,328550,50000.0,2,30,0.78,0.0042,2.500000000000057,112.50000000000011
45,Mozambique,31067362,0.0293,889399,40,786380,-5000.0,4.9,18,0.38,0.004,-18.249999999999943,35.00000000000006
46,Ghana,30936375,0.0215,655084,137,227540,-10000.0,3.9,22,0.57,0.004,7.980995107000069,-1.2497723419999716
47,Yemen,29687214,0.0228,664042,56,527970,-30000.0,3.8,20,0.38,0.0038,15.905205994000028,47.59395262500004
48,Nepal,29027347,0.0185,528098,203,143350,41710.0,1.9,25,0.21,0.0037,28.25913770300008,83.94416346900005
49,Venezuela,28451828,-0.0028,-79889,32,882050,-653249.0,2.3,30,N.A.,0.0036,7.120733800000039,-66.16282028899997
50,Madagascar,27539106,0.0268,721711,48,581795,-1500.0,4.1,20,0.39,0.0036,-19.37694392999998,46.69788267100006
51,Cameroon,26405174,0.0259,669483,56,472710,-4800.0,4.6,19,0.56,0.0034,5.672331431000032,12.737869296000042
52,Cote d'Ivoire,26239250,0.0257,661730,83,318000,-8000.0,4.7,19,0.51,0.0034,7.629182541000034,-5.554728587999932
53,North Korea,25756088,0.0044,112655,214,120410,-5403.0,1.9,35,0.63,0.0033,40.14182634600007,127.1696919200001
54,Australia,25439164,0.0118,296686,3,7682300,158246.0,1.8,38,0.86,0.0033,-25.70993156999998,134.48403119800003
55,Niger,24014064,0.0384,895929,19,1266700,4000.0,7,15,0.17,0.0031,17.42088083400006,9.401672665000035
56,Taiwan,23808164,0.0018,42899,673,35410,30001.0,1.2,42,0.79,0.0031,23.752816021000058,120.95346396100001
57,Sri Lanka,21395196,0.0042,89516,341,62710,-97986.0,2.2,34,0.18,0.0027,7.617678409000064,80.69863241800005
58,Burkina Faso,20780371,0.0286,581895,76,273600,-25000.0,5.2,18,0.31,0.0027,12.286319460000072,-1.7441041949999772
59,Mali,20125282,0.0302,592802,17,1220190,-40000.0,5.9,16,0.44,0.0026,17.362972883000054,-3.5204716629999666
60,Romania,19262731,-0.0066,-126866,84,230170,-73999.0,1.6,43,0.55,0.0025,45.845854975000066,24.973472215000072
61,Malawi,19024426,0.0269,501205,203,94280,-16053.0,4.3,18,0.18,0.0025,-13.50952235099993,34.24073561300003
62,Chile,19082804,0.0087,164163,26,743532,111708.0,1.7,35,0.85,0.0025,-29.999999999999943,-70.99999999999994
63,Kazakhstan,18730568,0.0121,225280,7,2699700,-18000.0,2.8,31,0.58,0.0024,48.18310616400004,67.19504548200007
64,Zambia,18273379,0.0293,522925,25,743390,-8000.0,4.7,18,0.45,0.0024,-14.46880366299996,28.76797288100005
65,Guatemala,17846248,0.019,334096,167,107160,-9215.0,2.9,23,0.52,0.0023,15.697237961000042,-90.36397945999994
66,Ecuador,17587526,0.0155,269392,71,248360,36400.0,2.4,28,0.63,0.0023,-1.428836290999925,-78.77523855199996
67,Syria,17410293,0.0252,430523,95,183630,-427391.0,2.8,26,0.6,0.0022,35.01280854600003,38.50527333900004
68,Netherlands,17127290,0.0022,37742,508,33720,16000.0,1.7,43,0.92,0.0022,52.24937529300007,5.616126398000063
69,Senegal,16649599,0.0275,447563,87,192530,-20000.0,4.7,19,0.49,0.0021,14.363032568000051,-14.459259560999953
70,Cambodia,16671185,0.0141,232423,95,176520,-30000.0,2.5,26,0.24,0.0021,12.708188507000045,104.91471615200004
71,Chad,16324440,0.03,478988,13,1259200,2000.0,5.8,17,0.23,0.0021,15.376264850000041,18.674165747000075
72,Somalia,15798020,0.0292,450317,25,627340,-40000.0,6.1,17,0.47,0.002,4.40461606100007,46.20310500000005
73,Zimbabwe,14818157,0.0148,217456,38,386850,-116858.0,3.6,19,0.38,0.0019,-19.016205470999978,29.884276749000037
74,Guinea,13056478,0.0283,361549,53,245720,-4000.0,4.7,18,0.39,0.0017,10.435445941000069,-10.942500889999963
75,Rwanda,12883878,0.0258,325268,525,24670,-9000.0,4.1,20,0.18,0.0017,-1.9983949569999595,29.956312610000055
76,Benin,12055347,0.0273,322049,108,112760,-2000.0,4.9,19,0.48,0.0016,9.661949812000046,2.33919688900005
77,Burundi,11814346,0.0312,360204,463,25680,2001.0,5.5,17,0.14,0.0015,-3.322303981999937,29.926441276000048
78,Tunisia,11793319,0.0106,123900,76,155360,-4000.0,2.2,33,0.7,0.0015,34.11631798800005,9.60851649600005
79,Bolivia,11640159,0.0139,159921,11,1083300,-9504.0,2.8,26,0.69,0.0015,-16.67085566199995,-64.59749402799997
80,Belgium,11579477,0.0044,50295,383,30280,48000.0,1.7,42,0.98,0.0015,50.640682937000065,4.661070427000027
81,Haiti,11373955,0.0124,139451,414,27560,-35000.0,3,24,0.57,0.0015,18.320000841000024,-73.05271499999998
82,Cuba,11327988,-0.0006,-6867,106,106440,-14400.0,1.6,42,0.78,0.0015,22.000000000000057,-79.49999999999994
83,South Sudan,11166783,0.0119,131612,18,610952,-174200.0,4.7,19,0.25,0.0014,7.263460914000063,30.343765666000024
84,Dominican Republic,10825682,0.0101,108952,225,48320,-30000.0,2.4,28,0.85,0.0014,18.89668483400004,-70.49003617099999
85,Czech Republic (Czechia),10705012,0.0018,19772,139,77240,22011.0,1.6,43,0.74,0.0014,49.73885405000004,15.331770120000044
86,Greece,10433037,-0.0048,-50401,81,128900,-16000.0,1.3,46,0.85,0.0013,39.00000000000006,22.000000000000057
87,Jordan,10182442,0.01,101440,115,88780,10220.0,2.8,24,0.91,0.0013,31.248189480000065,36.78810430300007
88,Portugal,10202571,-0.0029,-29478,111,91590,-6000.0,1.3,46,0.66,0.0013,39.59313904600003,-8.519812989999934
89,Azerbaijan,10120555,0.0091,91459,123,82658,1200.0,2.1,32,0.56,0.0013,40.29016196900005,47.52870740700007
90,Sweden,10086531,0.0063,62886,25,410340,40000.0,1.9,41,0.88,0.0013,64.71258554700006,17.260487956000077
91,Honduras,9871892,0.0163,158490,89,111890,-6800.0,2.5,24,0.57,0.0013,14.824173968000025,-86.60026424299997
92,United Arab Emirates,9865845,0.0123,119873,118,83600,40000.0,1.4,33,0.86,0.0013,23.914869621000037,54.32685818400006
93,Hungary,9665192,-0.0025,-24328,107,90530,6000.0,1.5,43,0.72,0.0012,47.16708877000008,19.424531700000045
94,Tajikistan,9492342,0.0232,216627,68,139960,-20000.0,3.6,22,0.27,0.0012,39.00000000000006,71.00000000000006
95,Belarus,9449940,-0.0003,-3088,47,202910,8730.0,1.7,40,0.79,0.0012,53.542208696000046,28.050095379000027
96,Austria,8996022,0.0057,51296,109,82409,65000.0,1.5,43,0.57,0.0012,47.58581000500004,14.137076948000072
97,Papua New Guinea,8911530,0.0195,170915,20,452860,-800.0,3.6,22,0.13,0.0011,-6.475589906999971,145.253800898
98,Serbia,8744288,-0.004,-34864,100,87460,4000.0,1.5,42,0.56,0.0011,44.02936463900005,20.804550522000056
99,Israel,8627444,0.016,136158,400,21640,10000.0,3,30,0.93,0.0011,31.97771151200004,34.97921769200008
100,Switzerland,8641786,0.0074,63257,219,39516,52000.0,1.5,43,0.74,0.0011,46.79981744200006,8.245024096000066
101,Togo,8237580,0.0243,196358,152,54390,-2000.0,4.4,19,0.43,0.0011,8.539049810000051,0.9744440640000676
102,Sierra Leone,7942879,0.021,163768,111,72180,-4200.0,4.3,19,0.43,0.001,8.558037771000045,-11.792031778999956
103,Hong Kong,7484618,0.0082,60827,7140,1050,29308.0,1.3,45,N.A.,0.001,22.351958323000076,114.1193859870001
104,Laos,7253719,0.0148,106105,32,230800,-14704.0,2.7,24,0.36,0.0009,18.49549827900006,103.76805746500008
105,Paraguay,7114524,0.0125,87902,18,397300,-16556.0,2.4,26,0.62,0.0009,-23.21981209599994,-58.41066601899996
106,Bulgaria,6958627,-0.0074,-51674,64,108560,-4800.0,1.6,45,0.76,0.0009,42.75500839100005,25.23641224000005
107,Libya,6852010,0.0138,93840,4,1759540,-1999.0,2.3,29,0.78,0.0009,27.041821576000075,18.030819147000045
108,Lebanon,6831445,-0.0044,-30268,667,10230,-30012.0,2.1,30,0.78,0.0009,33.92144516600007,35.893427744000064
109,Nicaragua,6608366,0.0121,79052,55,120340,-21272.0,2.4,26,0.57,0.0008,12.934455771000046,-85.00621251399997
110,Kyrgyzstan,6501804,0.0169,108345,34,191800,-4000.0,3,26,0.36,0.0008,41.43197845000003,74.46759424400005
111,El Salvador,6479609,0.0051,32652,313,20720,-40539.0,2.1,28,0.73,0.0008,13.733468471000037,-88.86567455199997
112,Turkmenistan,6012850,0.015,89111,13,469930,-5000.0,2.8,27,0.53,0.0008,39.19335818400003,59.17525293600005
113,Singapore,5840996,0.0079,46005,8358,700,27028.0,1.2,42,N.A.,0.0008,1.2904100000000653,103.85211000000004
114,Denmark,5788108,0.0035,20326,137,42430,15200.0,1.8,42,0.88,0.0007,55.959300779000046,10.053934054000024
115,Finland,5539002,0.0015,8564,18,303890,14000.0,1.5,43,0.86,0.0007,64.52251280100006,26.158834376000073
116,Congo,5489191,0.0256,137579,16,341500,-4000.0,4.5,19,0.7,0.0007,-0.8217651579999483,15.23529437600007
117,Slovakia,5459116,0.0005,2629,114,48088,1485.0,1.5,41,0.54,0.0007,48.708702079000034,19.48774911000004
118,Norway,5412632,0.0079,42384,15,365268,28000.0,1.7,40,0.83,0.0007,62.00000000000006,10.000000000000057
119,Oman,5078933,0.0265,131640,16,309500,87400.0,2.9,31,0.87,0.0007,20.59793733300006,56.10497815300005
120,State of Palestine,5076280,0.0241,119994,847,6020,-10563.0,3.7,21,0.8,0.0007,31.91271978700007,35.204684057000065
121,Costa Rica,5084636,0.0092,46557,100,51060,4200.0,1.8,33,0.8,0.0007,9.972837179000066,-84.19631843899998
122,Liberia,5032469,0.0244,120307,53,96320,-5000.0,4.4,19,0.53,0.0006,6.447342577000029,-9.31038674499996
123,Ireland,4926480,0.0113,55291,72,68890,23604.0,1.8,38,0.63,0.0006,53.17587984600004,-8.14600614699998
124,Central African Republic,4812256,0.0178,84582,8,622980,-40000.0,4.8,18,0.43,0.0006,6.57416257400007,20.485481521000054
125,New Zealand,4814272,0.0082,39170,18,263310,14881.0,1.9,38,0.87,0.0006,-42.28723356399996,172.34343250000006
126,Mauritania,4623535,0.0274,123962,5,1030700,5000.0,4.6,20,0.57,0.0006,20.25950735200007,-10.331488709999974
127,Panama,4300667,0.0161,68328,58,74340,11200.0,2.5,30,0.68,0.0006,8.939604460000055,-79.97292613699994
128,Kuwait,4257495,0.0151,63488,240,17820,39520.0,2.1,37,N.A.,0.0005,29.355337252000027,47.61216588100007
129,Croatia,4110214,-0.0061,-25037,73,55960,-8001.0,1.4,44,0.58,0.0005,45.11867958500005,15.435623834000069
130,Moldova,4035814,-0.0023,-9300,123,32850,-1387.0,1.3,38,0.43,0.0005,47.20102827100004,28.46370618900005
131,Georgia,3990681,-0.0019,-7598,57,69490,-10000.0,2.1,38,0.58,0.0005,32.648324554000055,-83.44453440099994
132,Eritrea,3536285,0.0141,49304,35,101000,-39858.0,4.1,19,0.63,0.0005,15.362796794000076,38.860666913000045
133,Uruguay,3471314,0.0035,11996,20,175020,-3000.0,2,36,0.96,0.0004,-32.79326568999994,-56.02075792399995
134,Bosnia and Herzegovina,3284806,-0.0061,-20181,64,51000,-21585.0,1.3,43,0.52,0.0004,44.168254123000054,17.785249916000055
135,Mongolia,3267320,0.0165,53123,2,1553560,-852.0,2.9,28,0.67,0.0004,46.83469147400007,103.06763313100004
136,Armenia,2962137,0.0019,5512,104,28470,-4998.0,1.8,35,0.63,0.0004,40.293084855000075,44.94022131100007
137,Jamaica,2958567,0.0044,12888,273,10830,-11332.0,2,31,0.55,0.0004,18.157695292000028,-77.31110640499998
138,Qatar,2870922,0.0173,48986,248,11610,40000.0,1.9,32,0.96,0.0004,25.285444965000067,51.19314832400005
139,Albania,2878420,-0.0011,-3120,105,27400,-14000.0,1.6,36,0.63,0.0004,41.13455328400005,20.06420643100006
140,Puerto Rico,2874636,-0.0247,-72555,323,8870,-97986.0,1.2,44,N.A.,0.0004,18.22260649800006,-66.46895343099999
141,Lithuania,2729553,-0.0135,-37338,43,62674,-32780.0,1.7,45,0.71,0.0003,55.33693608100003,23.900396649000072
142,Namibia,2531290,0.0186,46375,3,823290,-4806.0,3.4,22,0.55,0.0003,-22.138976121999974,17.22149898400005
143,Gambia,2402083,0.0294,68962,239,10120,-3087.0,5.3,18,0.59,0.0003,13.448008972000025,-15.380941536999956
144,Botswana,2341649,0.0208,47930,4,566730,3000.0,2.9,24,0.73,0.0003,-22.187290210999947,23.814376269000036
145,Gabon,2214593,0.0245,53155,9,257670,3260.0,4,23,0.87,0.0003,-0.6239040589999263,11.781759891000036
146,Lesotho,2138799,0.008,16981,71,30360,-10047.0,3.2,24,0.31,0.0003,-29.582324937999942,28.24669362800006
147,North Macedonia,2083391,0.0,-85,83,25220,-1000.0,1.5,39,0.59,0.0003,41.610468113000024,21.715233082000054
148,Slovenia,2078881,0.0001,284,103,20140,2000.0,1.6,45,0.55,0.0003,46.119554805000064,14.821760495000035
149,Guinea-Bissau,1958132,0.0245,47079,70,28120,-1399.0,4.5,19,0.45,0.0003,12.010130157000049,-14.984960920999981
150,Latvia,1890218,-0.0108,-20545,30,62200,-14837.0,1.7,44,0.69,0.0002,56.85460987000005,24.926839006000023
151,Bahrain,1688629,0.0368,60403,2239,760,47800.0,2,32,0.89,0.0002,26.05185877400004,50.564426954000055
152,Equatorial Guinea,1392950,0.0347,46999,50,28050,16000.0,4.6,22,0.73,0.0002,1.7026148510000212,10.333091866000075
153,Trinidad and Tobago,1398579,0.0032,4515,273,5130,-800.0,1.7,36,0.52,0.0002,10.47267427600002,-61.26048813699998
154,Estonia,1326357,0.0007,887,31,42390,3911.0,1.6,42,0.68,0.0002,58.67204078700007,25.477224001000025
155,Timor-Leste,1313184,0.0196,25326,89,14870,-5385.0,4.1,21,0.33,0.0002,-8.826458773999946,125.85326774200007
156,Mauritius,1271347,0.0017,2100,626,2030,0.0,1.4,37,0.41,0.0002,-20.283556218999934,57.57181746400005
157,Cyprus,1205577,0.0073,8784,131,9240,5000.0,1.3,37,0.67,0.0002,35.05017425900007,33.226229774000046
158,Eswatini,1157707,0.0105,12034,67,17200,-8353.0,3,21,0.3,0.0001,-26.56500356099997,31.49799039000004
159,Djibouti,985027,0.0148,14440,43,23180,900.0,2.8,27,0.79,0.0001,11.733763645000067,42.58017759000006
160,Fiji,895128,0.0073,6492,49,18270,-6202.0,2.8,28,0.59,0.0001,-17.835402366999972,177.96333137200008
161,Reunion,894017,0.0072,6385,358,2500,-1256.0,2.3,36,1,0.0001,-21.133187345999943,55.53244445100006
162,Comoros,865696,0.022,18715,467,1861,-2000.0,4.2,20,0.29,0.0001,-11.662553529999968,43.35421636400008
163,Guyana,785788,0.0048,3786,4,196850,-6000.0,2.5,27,0.27,0.0001,4.796422680000035,-58.97538657499996
164,Bhutan,769867,0.0112,8516,20,38117,320.0,2,28,0.46,0.0001,27.41482682700007,90.42623098500007
165,Solomon Islands,683301,0.0255,17061,25,27990,-1600.0,4.4,20,0.23,0.0001,-9.622803767999926,160.1602896490001
166,Macao,647508,0.0139,8890,21645,30,5000.0,1.2,39,N.A.,0.0001,22.15781845400005,113.56035235900003
167,Montenegro,628050,0.0001,79,47,13450,-480.0,1.8,39,0.68,0.0001,42.796154744000034,19.25209946500007
168,Luxembourg,623861,0.0166,10249,242,2590,9741.0,1.5,40,0.88,0.0001,49.776828429000034,6.092325247000076
169,Western Sahara,594215,0.0255,14876,2,266000,5582.0,2.4,28,0.87,0.0001,24.658502978000058,-13.13948587699997
170,Suriname,585561,0.009,5260,4,156000,-1000.0,2.4,29,0.65,0.0001,3.9317774090000626,-56.01360780899995
171,Cabo Verde,554750,0.011,6052,138,4030,-1342.0,2.3,28,0.68,0.0001,15.08362928200006,-23.624671987999932
172,Maldives,538558,0.0181,9591,1802,300,11370.0,1.9,30,0.35,0.0001,4.175240000000031,73.50928000000005
173,Malta,441308,0.0027,1171,1380,320,900.0,1.5,43,0.93,0.0001,35.92254885600005,14.400072590000036
174,Brunei,436624,0.0097,4194,83,5270,0.0,1.8,32,0.8,0.0001,4.520762436000041,114.7507502090001
175,Guadeloupe,400110,0.0002,68,237,1690,-1440.0,2.2,44,N.A.,0.0001,16.14475253100005,-61.65011999999996
176,Belize,396120,0.0186,7275,17,22810,1200.0,2.3,25,0.46,0.0001,17.209050260000026,-88.69496155299998
177,Bahamas,392477,0.0097,3762,39,10010,1000.0,1.8,32,0.86,0.0001,25.040820000000053,-77.37121999999994
178,Martinique,375323,-0.0008,-289,354,1060,-960.0,1.9,47,0.92,0.0,14.653133328000024,-61.01838056199995
179,Iceland,340795,0.0065,2212,3,100250,380.0,1.8,37,0.94,0.0,64.98695685900003,-18.582382345999974
180,Vanuatu,305623,0.0242,7263,25,12190,120.0,3.8,21,0.24,0.0,-15.241355872999975,166.8727570740001
181,French Guiana,297029,0.027,7850,4,82200,1200.0,3.4,25,0.87,0.0,3.921724136000023,-53.23312207499998
182,Barbados,287305,0.0012,350,668,430,-79.0,1.6,40,0.31,0.0,13.172221979000028,-59.55642447799994
183,New Caledonia,284938,0.0097,2748,16,18280,502.0,2,34,0.72,0.0,-21.307791315999964,165.70184184200002
184,French Polynesia,280580,0.0058,1621,77,3660,-1000.0,2,34,0.64,0.0,-17.67739793399994,-149.40097329699998
185,Mayotte,271417,0.025,6665,728,375,0.0,3.7,20,0.46,0.0,-12.820609210999976,45.147848887000066
186,Sao Tome & Principe,218308,0.0191,4103,228,960,-1680.0,4.4,19,0.74,0.0,0.2393107930000724,6.602059996000037
187,Samoa,198147,0.0067,1317,70,2830,-2803.0,3.9,22,0.18,0.0,-13.62080777999995,-172.44733321399997
188,Saint Lucia,183458,0.0046,837,301,610,0.0,1.4,34,0.19,0.0,13.898639726000056,-60.967300455999975
189,Channel Islands,173536,0.0093,1604,915,190,1351.0,1.5,43,0.3,0.0,34.18411000000003,-119.22501999999997
190,Guam,168474,0.0089,1481,313,540,-506.0,2.3,31,0.95,0.0,13.443563908000044,144.77762780500007
191,Curacao,163958,0.0041,669,370,444,515.0,1.8,42,0.89,0.0,12.193507423000028,-68.97143527599997
192,Kiribati,119069,0.0157,1843,147,810,-800.0,3.6,23,0.57,0.0,1.8518405030000622,-157.35793263799997
193,Micronesia,114776,0.0106,1208,164,700,-600.0,3.1,24,0.21,0.0,6.880382388000044,158.22751848500002
194,Grenada,112418,0.0046,520,331,340,-200.0,2.1,32,0.35,0.0,12.151965053000026,-61.659644958999934
195,St. Vincent & Grenadines,110869,0.0032,351,284,390,-200.0,1.9,33,0.53,0.0,13.243467000000066,-61.17651699999993
196,Aruba,106675,0.0043,452,593,180,201.0,1.9,41,0.44,0.0,12.50908537500004,-69.97050301699994
197,Tonga,105449,0.0115,1201,147,720,-800.0,3.6,22,0.24,0.0,-21.158658678999927,-175.27562999999998
198,U.S. Virgin Islands,104456,-0.0015,-153,298,350,-451.0,2,43,0.96,0.0,17.728114454000035,-64.81908749999997
199,Seychelles,98224,0.0062,608,214,460,-200.0,2.5,34,0.56,0.0,-4.678652263999936,55.46726211600003
200,Antigua and Barbuda,97764,0.0084,811,223,440,0.0,2,34,0.26,0.0,17.077664637000055,-61.79871012099994
201,Isle of Man,84942,0.0053,449,149,570,,N.A.,N.A.,0.53,0.0,54.22823097300005,-4.538760937999939
202,Andorra,77240,0.0016,123,164,470,,N.A.,N.A.,0.88,0.0,42.54530320100008,1.5762863020000282
203,Dominica,71950,0.0025,178,96,750,,N.A.,N.A.,0.74,0.0,15.434657276000053,-61.35007388199995
204,Cayman Islands,65564,0.0119,774,274,240,,N.A.,N.A.,0.97,0.0,19.31842329500006,-81.24322039299994
205,Bermuda,62323,-0.0036,-228,1246,50,,N.A.,N.A.,0.97,0.0,32.30681773200007,-64.77004183699995
206,Marshall Islands,59109,0.0068,399,329,180,,N.A.,N.A.,0.7,0.0,7.069111712000051,171.2953100000001
207,Northern Mariana Islands,57490,0.006,343,125,460,,N.A.,N.A.,0.88,0.0,15.188824770000053,145.75351048700009
208,Greenland,56750,0.0017,98,0,410450,,N.A.,N.A.,0.87,0.0,74.72711633200004,-41.34560937799995
209,American Samoa,55215,-0.0022,-121,276,200,,N.A.,N.A.,0.88,0.0,-14.30068805999997,-170.71811612199997
210,Saint Kitts & Nevis,53123,0.0071,376,205,260,,N.A.,N.A.,0.33,0.0,17.33971168900007,-62.765603845999976
211,Faeroe Islands,48826,0.0038,185,35,1396,,N.A.,N.A.,0.43,0.0,62.00000000000006,-6.999999999999943
212,Sint Maarten,42776,0.0115,488,1261,34,,N.A.,N.A.,0.96,0.0,18.039880898000035,-63.064032819999966
213,Monaco,39186,0.0071,278,26337,1,,N.A.,N.A.,N.A.,0.0,43.73170451200008,7.424355000000048
214,Turks and Caicos,38609,0.0138,526,41,950,,N.A.,N.A.,0.89,0.0,21.758132630000034,-71.82311799799999
215,Saint Martin,38529,0.0175,664,730,53,,N.A.,N.A.,0,0.0,18.080477531000042,-63.06021562199999
216,Liechtenstein,38106,0.0029,109,238,160,,N.A.,N.A.,0.15,0.0,47.14114224000008,9.553182027000048
217,San Marino,33917,0.0021,71,566,60,,N.A.,N.A.,0.97,0.0,43.93817105200003,12.463507795000055
218,Gibraltar,33693,-0.0003,-10,3369,10,,N.A.,N.A.,N.A.,0.0,36.13600766900004,-5.348661838999931
219,British Virgin Islands,30190,0.0067,201,202,150,,N.A.,N.A.,0.52,0.0,18.430308339000078,-64.59420749999998
220,Caribbean Netherlands,26173,0.0094,244,80,328,,N.A.,N.A.,0.75,0.0,12.226633872000036,-68.30806499999994
221,Palau,18077,0.0048,86,39,460,,N.A.,N.A.,N.A.,0.0,7.421479662000024,134.511600068
222,Cook Islands,17561,0.0009,16,73,240,,N.A.,N.A.,0.75,0.0,-21.234657996999942,-159.77802087599997
223,Anguilla,14976,0.009,134,167,90,,N.A.,N.A.,N.A.,0.0,18.224602780000055,-63.05962295599994
224,Tuvalu,11762,0.0125,146,393,30,,N.A.,N.A.,0.62,0.0,-7.47055919099995,178.67158000000006
225,Wallis & Futuna,11276,-0.0169,-193,80,140,,N.A.,N.A.,0,0.0,-13.285018271999945,-176.20445035499998
226,Nauru,10810,0.0063,68,541,20,,N.A.,N.A.,N.A.,0.0,-0.5285406929999681,166.9341949400001
227,Saint Barthelemy,9871,0.003,30,470,21,,N.A.,N.A.,0,0.0,17.90280861100007,-62.82979691899993
228,Saint Helena,6073,0.003,18,16,390,,N.A.,N.A.,0.27,0.0,-15.96527132999995,-5.707392691999928
229,Saint Pierre & Miquelon,5800,-0.0048,-28,25,230,,N.A.,N.A.,1,0.0,46.85613316300004,-56.32282999999995
230,Montserrat,4991,0.0006,3,50,100,,N.A.,N.A.,0.1,0.0,16.739171964000036,-62.18928012099997
231,Falkland Islands,3458,0.0305,103,0,12170,,N.A.,N.A.,0.66,0.0,-51.74550644999994,-58.752109624999946
232,Niue,1624,0.0068,11,6,260,,N.A.,N.A.,0.46,0.0,-19.052283097999975,-169.85845946899997
233,Tokelau,1354,0.0127,17,136,10,,N.A.,N.A.,0,0.0,-9.374827015999927,-171.21984997299998
234,Holy See,801,0.0025,2,2003,0,,N.A.,N.A.,N.A.,0.0,41.90225000000004,12.45330000000007
